Order_ID,Order_Date,Order_Month,Order_Day,Order_Weekday,Customer_ID,Customer_Name,City,Region,Membership_Type,Product_ID,Product_Name,Category,Brand,Quantity,Unit_Price,Total_Amount,Order_Size,Payment_Method,Order_Status
O0051,2026-01-01,January,1,Thursday,C008,Sara Ahmed,Hyderabad,South,Premium,P017,Yoga Mat,Sports,FitLife,4,899,3596,Large,Net Banking,Delivered
O0091,2026-01-01,January,1,Thursday,C002,Zoya Khan,Delhi,North,Regular,P011,Air Fryer,Home & Kitchen,CookSmart,2,4999,9998,Medium,Credit Card,Delivered
O0022,2026-01-02,January,2,Friday,C023,Nikhil Sood,Chandigarh,North,Premium,P014,Data Science Handbook,Books,DataPress,4,899,3596,Large,Net Banking,Delivered
O0106,2026-01-02,January,2,Friday,C001,Aarav Sharma,Srinagar,North,Premium,P009,Coffee Maker,Home & Kitchen,HomeBrew,1,3499,3499,Small,Net Banking,Delivered
O0076,2026-01-03,January,3,Saturday,C019,Yusuf Dar,Srinagar,North,New,P015,Machine Learning Basics,Books,AIPress,1,999,999,Small,Debit Card,Delivered
O0108,2026-01-04,January,4,Sunday,C006,Ishita Gupta,Bengaluru,South,Premium,P020,Dumbbell Set,Sports,StrongFit,1,1999,1999,Small,Net Banking,Delivered
O0041,2026-01-04,January,4,Sunday,C008,Sara Ahmed,Hyderabad,South,Premium,P012,Water Bottle,Home & Kitchen,HydroLife,5,699,3495,Large,Cash on Delivery,Delivered
O0018,2026-01-05,January,5,Monday,C003,Rohan Mehta,Mumbai,West,Premium,P011,Air Fryer,Home & Kitchen,CookSmart,4,4999,19996,Large,Net Banking,Cancelled
O0104,2026-01-05,January,5,Monday,C011,Vivaan Kapoor,Jaipur,North,New,P006,Hoodie,Clothing,UrbanWear,3,1599,4797,Medium,Debit Card,Shipped
O0110,2026-01-05,January,5,Monday,C007,Aditya Verma,Pune,West,Regular,P005,Power Bank,Electronics,VoltPlus,1,1199,1199,Small,UPI,Delivered
O0028,2026-01-07,January,7,Wednesday,C006,Ishita Gupta,Bengaluru,South,Premium,P011,Air Fryer,Home & Kitchen,CookSmart,3,4999,14997,Medium,UPI,Delivered
O0056,2026-01-08,January,8,Thursday,C015,Karan Joshi,Chandigarh,North,Regular,P018,Football,Sports,SportZone,3,799,2397,Medium,Debit Card,Delivered
O0021,2026-01-09,January,9,Friday,C026,Fatima Noor,Srinagar,North,Regular,P019,Cricket Bat,Sports,BatPro,1,2499,2499,Small,Debit Card,Cancelled
O0046,2026-01-09,January,9,Friday,C019,Yusuf Dar,Srinagar,North,New,P012,Water Bottle,Home & Kitchen,HydroLife,2,699,1398,Medium,Cash on Delivery,Delivered
O0043,2026-01-10,January,10,Saturday,C003,Rohan Mehta,Mumbai,West,Premium,P012,Water Bottle,Home & Kitchen,HydroLife,4,699,2796,Large,Net Banking,Delivered
O0027,2026-01-11,January,11,Sunday,C002,Zoya Khan,Delhi,North,Regular,P008,Sneakers,Clothing,StepUp,1,2999,2999,Small,Cash on Delivery,Shipped
O0034,2026-01-13,January,13,Tuesday,C010,Mehak Bhat,Srinagar,North,Premium,P020,Dumbbell Set,Sports,StrongFit,5,1999,9995,Large,Credit Card,Delivered
O0045,2026-01-14,January,14,Wednesday,C006,Ishita Gupta,Bengaluru,South,Premium,P017,Yoga Mat,Sports,FitLife,1,899,899,Small,Debit Card,Cancelled
O0112,2026-01-15,January,15,Thursday,C012,Aisha Mir,Delhi,North,Premium,P006,Hoodie,Clothing,UrbanWear,4,1599,6396,Large,UPI,Delivered
O0029,2026-01-15,January,15,Thursday,C005,Kabir Ali,Lucknow,North,New,P017,Yoga Mat,Sports,FitLife,1,899,899,Small,Cash on Delivery,Cancelled
O0079,2026-01-16,January,16,Friday,C021,Aman Kumar,Delhi,North,Regular,P012,Water Bottle,Home & Kitchen,HydroLife,5,699,3495,Large,Debit Card,Delivered
O0094,2026-01-17,January,17,Saturday,C011,Vivaan Kapoor,Jaipur,North,New,P002,Mechanical Keyboard,Electronics,KeyPro,4,2499,9996,Large,Net Banking,Cancelled
O0099,2026-01-17,January,17,Saturday,C010,Mehak Bhat,Srinagar,North,Premium,P001,Wireless Headphones,Electronics,SoundMax,2,1499,2998,Medium,UPI,Shipped
O0081,2026-01-19,January,19,Monday,C022,Alina Shah,Pune,West,New,P018,Football,Sports,SportZone,2,799,1598,Medium,Credit Card,Delivered
O0102,2026-01-20,January,20,Tuesday,C021,Aman Kumar,Delhi,North,Regular,P012,Water Bottle,Home & Kitchen,HydroLife,3,699,2097,Medium,Credit Card,Shipped
O0071,2026-01-21,January,21,Wednesday,C020,Priya Menon,Chennai,South,Premium,P016,Atomic Habits,Books,MindReads,1,599,599,Small,UPI,Delivered
O0120,2026-01-21,January,21,Wednesday,C013,Rahul Das,Kolkata,East,Regular,P020,Dumbbell Set,Sports,StrongFit,1,1999,1999,Small,Cash on Delivery,Cancelled
O0025,2026-01-22,January,22,Thursday,C026,Fatima Noor,Srinagar,North,Regular,P008,Sneakers,Clothing,StepUp,2,2999,5998,Medium,Cash on Delivery,Cancelled
O0105,2026-01-22,January,22,Thursday,C020,Priya Menon,Chennai,South,Premium,P016,Atomic Habits,Books,MindReads,4,599,2396,Large,UPI,Delivered
O0115,2026-01-23,January,23,Friday,C014,Sana Malik,Mumbai,West,New,P007,Jacket,Clothing,NorthStyle,2,2499,4998,Medium,Credit Card,Delivered
O0002,2026-01-25,January,25,Sunday,C006,Ishita Gupta,Bengaluru,South,Premium,P003,Wireless Mouse,Electronics,TechGear,2,899,1798,Medium,Debit Card,Delivered
O0032,2026-01-25,January,25,Sunday,C017,Dev Patel,Ahmedabad,West,Premium,P005,Power Bank,Electronics,VoltPlus,2,1199,2398,Medium,Credit Card,Shipped
O0038,2026-01-25,January,25,Sunday,C024,Maryam Khan,Hyderabad,South,Regular,P008,Sneakers,Clothing,StepUp,1,2999,2999,Small,Credit Card,Delivered
O0011,2026-01-26,January,26,Monday,C022,Alina Shah,Pune,West,New,P020,Dumbbell Set,Sports,StrongFit,2,1999,3998,Medium,Net Banking,Cancelled
O0107,2026-01-26,January,26,Monday,C021,Aman Kumar,Delhi,North,Regular,P003,Wireless Mouse,Electronics,TechGear,2,899,1798,Medium,Cash on Delivery,Delivered
O0084,2026-01-27,January,27,Tuesday,C013,Rahul Das,Kolkata,East,Regular,P004,Smart Watch,Electronics,FitTech,3,3299,9897,Medium,Credit Card,Delivered
O0069,2026-01-27,January,27,Tuesday,C028,Inaya Khan,Mumbai,West,Regular,P004,Smart Watch,Electronics,FitTech,4,3299,13196,Large,Debit Card,Delivered
O0086,2026-01-28,January,28,Wednesday,C024,Maryam Khan,Hyderabad,South,Regular,P006,Hoodie,Clothing,UrbanWear,5,1599,7995,Large,Debit Card,Delivered
O0026,2026-01-28,January,28,Wednesday,C015,Karan Joshi,Chandigarh,North,Regular,P005,Power Bank,Electronics,VoltPlus,2,1199,2398,Medium,UPI,Delivered
O0042,2026-01-29,January,29,Thursday,C012,Aisha Mir,Delhi,North,Premium,P008,Sneakers,Clothing,StepUp,5,2999,14995,Large,Net Banking,Delivered
O0064,2026-01-30,January,30,Friday,C007,Aditya Verma,Pune,West,Regular,P009,Coffee Maker,Home & Kitchen,HomeBrew,4,3499,13996,Large,Credit Card,Cancelled
O0088,2026-01-30,January,30,Friday,C022,Alina Shah,Pune,West,New,P008,Sneakers,Clothing,StepUp,2,2999,5998,Medium,Debit Card,Cancelled
O0082,2026-01-30,January,30,Friday,C014,Sana Malik,Mumbai,West,New,P013,Python Programming,Books,TechBooks,4,749,2996,Large,Cash on Delivery,Delivered
O0054,2026-01-30,January,30,Friday,C019,Yusuf Dar,Srinagar,North,New,P007,Jacket,Clothing,NorthStyle,3,2499,7497,Medium,Credit Card,Cancelled
O0048,2026-02-02,February,2,Monday,C020,Priya Menon,Chennai,South,Premium,P012,Water Bottle,Home & Kitchen,HydroLife,2,699,1398,Medium,Debit Card,Cancelled
O0040,2026-02-03,February,3,Tuesday,C008,Sara Ahmed,Hyderabad,South,Premium,P010,Electric Kettle,Home & Kitchen,KitchenPro,4,1499,5996,Large,Cash on Delivery,Delivered
O0119,2026-02-03,February,3,Tuesday,C015,Karan Joshi,Chandigarh,North,Regular,P019,Cricket Bat,Sports,BatPro,2,2499,4998,Medium,Debit Card,Delivered
O0012,2026-02-03,February,3,Tuesday,C017,Dev Patel,Ahmedabad,West,Premium,P008,Sneakers,Clothing,StepUp,5,2999,14995,Large,Credit Card,Delivered
O0098,2026-02-03,February,3,Tuesday,C009,Arjun Nair,Kochi,South,Regular,P006,Hoodie,Clothing,UrbanWear,1,1599,1599,Small,Credit Card,Delivered
O0023,2026-02-04,February,4,Wednesday,C015,Karan Joshi,Chandigarh,North,Regular,P013,Python Programming,Books,TechBooks,3,749,2247,Medium,Debit Card,Delivered
O0066,2026-02-05,February,5,Thursday,C004,Ananya Singh,Jammu,North,Regular,P001,Wireless Headphones,Electronics,SoundMax,2,1499,2998,Medium,Debit Card,Cancelled
O0058,2026-02-05,February,5,Thursday,C029,Sameer Qureshi,Jammu,North,New,P005,Power Bank,Electronics,VoltPlus,5,1199,5995,Large,UPI,Cancelled
O0020,2026-02-06,February,6,Friday,C010,Mehak Bhat,Srinagar,North,Premium,P012,Water Bottle,Home & Kitchen,HydroLife,3,699,2097,Medium,Credit Card,Delivered
O0090,2026-02-07,February,7,Saturday,C022,Alina Shah,Pune,West,New,P019,Cricket Bat,Sports,BatPro,2,2499,4998,Medium,Cash on Delivery,Shipped
O0096,2026-02-07,February,7,Saturday,C002,Zoya Khan,Delhi,North,Regular,P013,Python Programming,Books,TechBooks,1,749,749,Small,Net Banking,Shipped
O0093,2026-02-08,February,8,Sunday,C012,Aisha Mir,Delhi,North,Premium,P016,Atomic Habits,Books,MindReads,3,599,1797,Medium,Debit Card,Delivered
O0075,2026-02-08,February,8,Sunday,C027,Harsh Vardhan,Noida,North,Premium,P004,Smart Watch,Electronics,FitTech,4,3299,13196,Large,UPI,Delivered
O0006,2026-02-09,February,9,Monday,C003,Rohan Mehta,Mumbai,West,Premium,P018,Football,Sports,SportZone,3,799,2397,Medium,UPI,Delivered
O0039,2026-02-09,February,9,Monday,C016,Hiba Sheikh,Srinagar,North,Premium,P020,Dumbbell Set,Sports,StrongFit,5,1999,9995,Large,Credit Card,Delivered
O0007,2026-02-10,February,10,Tuesday,C011,Vivaan Kapoor,Jaipur,North,New,P003,Wireless Mouse,Electronics,TechGear,3,899,2697,Medium,UPI,Delivered
O0114,2026-02-12,February,12,Thursday,C019,Yusuf Dar,Srinagar,North,New,P011,Air Fryer,Home & Kitchen,CookSmart,5,4999,24995,Large,Credit Card,Delivered
O0033,2026-02-13,February,13,Friday,C010,Mehak Bhat,Srinagar,North,Premium,P008,Sneakers,Clothing,StepUp,5,2999,14995,Large,Credit Card,Delivered
O0047,2026-02-15,February,15,Sunday,C005,Kabir Ali,Lucknow,North,New,P004,Smart Watch,Electronics,FitTech,5,3299,16495,Large,Credit Card,Cancelled
O0015,2026-02-16,February,16,Monday,C027,Harsh Vardhan,Noida,North,Premium,P011,Air Fryer,Home & Kitchen,CookSmart,3,4999,14997,Medium,Credit Card,Cancelled
O0078,2026-02-17,February,17,Tuesday,C029,Sameer Qureshi,Jammu,North,New,P004,Smart Watch,Electronics,FitTech,5,3299,16495,Large,Cash on Delivery,Delivered
O0050,2026-02-18,February,18,Wednesday,C020,Priya Menon,Chennai,South,Premium,P001,Wireless Headphones,Electronics,SoundMax,1,1499,1499,Small,Credit Card,Shipped
O0116,2026-02-19,February,19,Thursday,C025,Reyansh Jain,Kolkata,East,New,P010,Electric Kettle,Home & Kitchen,KitchenPro,1,1499,1499,Small,Net Banking,Delivered
O0001,2026-02-19,February,19,Thursday,C027,Harsh Vardhan,Noida,North,Premium,P019,Cricket Bat,Sports,BatPro,2,2499,4998,Medium,Credit Card,Delivered
O0024,2026-02-20,February,20,Friday,C030,Riya Kapoor,Bengaluru,South,Premium,P001,Wireless Headphones,Electronics,SoundMax,4,1499,5996,Large,Net Banking,Delivered
O0014,2026-02-20,February,20,Friday,C007,Aditya Verma,Pune,West,Regular,P010,Electric Kettle,Home & Kitchen,KitchenPro,4,1499,5996,Large,UPI,Shipped
O0117,2026-02-21,February,21,Saturday,C019,Yusuf Dar,Srinagar,North,New,P015,Machine Learning Basics,Books,AIPress,3,999,2997,Medium,Cash on Delivery,Shipped
O0092,2026-02-21,February,21,Saturday,C027,Harsh Vardhan,Noida,North,Premium,P006,Hoodie,Clothing,UrbanWear,2,1599,3198,Medium,Debit Card,Delivered
O0068,2026-02-22,February,22,Sunday,C018,Manya Rao,Bengaluru,South,Regular,P010,Electric Kettle,Home & Kitchen,KitchenPro,2,1499,2998,Medium,Debit Card,Delivered
O0067,2026-02-22,February,22,Sunday,C005,Kabir Ali,Lucknow,North,New,P017,Yoga Mat,Sports,FitLife,1,899,899,Small,Debit Card,Delivered
O0055,2026-02-23,February,23,Monday,C008,Sara Ahmed,Hyderabad,South,Premium,P009,Coffee Maker,Home & Kitchen,HomeBrew,4,3499,13996,Large,Net Banking,Cancelled
O0101,2026-02-24,February,24,Tuesday,C009,Arjun Nair,Kochi,South,Regular,P012,Water Bottle,Home & Kitchen,HydroLife,1,699,699,Small,UPI,Delivered
O0097,2026-02-24,February,24,Tuesday,C004,Ananya Singh,Jammu,North,Regular,P006,Hoodie,Clothing,UrbanWear,2,1599,3198,Medium,Cash on Delivery,Delivered
O0083,2026-02-24,February,24,Tuesday,C009,Arjun Nair,Kochi,South,Regular,P013,Python Programming,Books,TechBooks,1,749,749,Small,Debit Card,Shipped
O0063,2026-02-25,February,25,Wednesday,C030,Riya Kapoor,Bengaluru,South,Premium,P020,Dumbbell Set,Sports,StrongFit,3,1999,5997,Medium,Credit Card,Shipped
O0095,2026-02-25,February,25,Wednesday,C015,Karan Joshi,Chandigarh,North,Regular,P011,Air Fryer,Home & Kitchen,CookSmart,2,4999,9998,Medium,Cash on Delivery,Delivered
O0016,2026-02-25,February,25,Wednesday,C011,Vivaan Kapoor,Jaipur,North,New,P008,Sneakers,Clothing,StepUp,3,2999,8997,Medium,UPI,Delivered
O0003,2026-02-26,February,26,Thursday,C015,Karan Joshi,Chandigarh,North,Regular,P004,Smart Watch,Electronics,FitTech,1,3299,3299,Small,Cash on Delivery,Delivered
O0044,2026-02-27,February,27,Friday,C016,Hiba Sheikh,Srinagar,North,Premium,P019,Cricket Bat,Sports,BatPro,4,2499,9996,Large,Credit Card,Delivered
O0017,2026-02-27,February,27,Friday,C023,Nikhil Sood,Chandigarh,North,Premium,P011,Air Fryer,Home & Kitchen,CookSmart,4,4999,19996,Large,Net Banking,Delivered
O0049,2026-02-27,February,27,Friday,C010,Mehak Bhat,Srinagar,North,Premium,P006,Hoodie,Clothing,UrbanWear,3,1599,4797,Medium,Cash on Delivery,Delivered
O0035,2026-03-01,March,1,Sunday,C003,Rohan Mehta,Mumbai,West,Premium,P007,Jacket,Clothing,NorthStyle,2,2499,4998,Medium,Net Banking,Cancelled
O0085,2026-03-01,March,1,Sunday,C028,Inaya Khan,Mumbai,West,Regular,P011,Air Fryer,Home & Kitchen,CookSmart,2,4999,9998,Medium,Cash on Delivery,Delivered
O0073,2026-03-02,March,2,Monday,C029,Sameer Qureshi,Jammu,North,New,P004,Smart Watch,Electronics,FitTech,3,3299,9897,Medium,Debit Card,Cancelled
O0057,2026-03-02,March,2,Monday,C027,Harsh Vardhan,Noida,North,Premium,P008,Sneakers,Clothing,StepUp,2,2999,5998,Medium,Cash on Delivery,Delivered
O0061,2026-03-02,March,2,Monday,C020,Priya Menon,Chennai,South,Premium,P002,Mechanical Keyboard,Electronics,KeyPro,2,2499,4998,Medium,Credit Card,Delivered
O0103,2026-03-03,March,3,Tuesday,C022,Alina Shah,Pune,West,New,P005,Power Bank,Electronics,VoltPlus,1,1199,1199,Small,Debit Card,Delivered
O0004,2026-03-04,March,4,Wednesday,C024,Maryam Khan,Hyderabad,South,Regular,P015,Machine Learning Basics,Books,AIPress,3,999,2997,Medium,Net Banking,Delivered
O0010,2026-03-05,March,5,Thursday,C026,Fatima Noor,Srinagar,North,Regular,P005,Power Bank,Electronics,VoltPlus,2,1199,2398,Medium,Debit Card,Shipped
O0030,2026-03-05,March,5,Thursday,C017,Dev Patel,Ahmedabad,West,Premium,P010,Electric Kettle,Home & Kitchen,KitchenPro,3,1499,4497,Medium,Net Banking,Shipped
O0019,2026-03-05,March,5,Thursday,C019,Yusuf Dar,Srinagar,North,New,P017,Yoga Mat,Sports,FitLife,4,899,3596,Large,Net Banking,Delivered
O0059,2026-03-09,March,9,Monday,C017,Dev Patel,Ahmedabad,West,Premium,P020,Dumbbell Set,Sports,StrongFit,2,1999,3998,Medium,Net Banking,Delivered
O0118,2026-03-09,March,9,Monday,C025,Reyansh Jain,Kolkata,East,New,P016,Atomic Habits,Books,MindReads,4,599,2396,Large,Credit Card,Delivered
O0052,2026-03-10,March,10,Tuesday,C024,Maryam Khan,Hyderabad,South,Regular,P008,Sneakers,Clothing,StepUp,5,2999,14995,Large,Debit Card,Delivered
O0009,2026-03-13,March,13,Friday,C024,Maryam Khan,Hyderabad,South,Regular,P009,Coffee Maker,Home & Kitchen,HomeBrew,2,3499,6998,Medium,UPI,Cancelled
O0036,2026-03-14,March,14,Saturday,C026,Fatima Noor,Srinagar,North,Regular,P016,Atomic Habits,Books,MindReads,5,599,2995,Large,Debit Card,Shipped
O0065,2026-03-14,March,14,Saturday,C024,Maryam Khan,Hyderabad,South,Regular,P020,Dumbbell Set,Sports,StrongFit,2,1999,3998,Medium,Cash on Delivery,Delivered
O0089,2026-03-14,March,14,Saturday,C015,Karan Joshi,Chandigarh,North,Regular,P008,Sneakers,Clothing,StepUp,4,2999,11996,Large,Credit Card,Shipped
O0111,2026-03-14,March,14,Saturday,C001,Aarav Sharma,Srinagar,North,Premium,P001,Wireless Headphones,Electronics,SoundMax,4,1499,5996,Large,Debit Card,Delivered
O0060,2026-03-15,March,15,Sunday,C007,Aditya Verma,Pune,West,Regular,P006,Hoodie,Clothing,UrbanWear,1,1599,1599,Small,Debit Card,Cancelled
O0109,2026-03-17,March,17,Tuesday,C023,Nikhil Sood,Chandigarh,North,Premium,P019,Cricket Bat,Sports,BatPro,5,2499,12495,Large,Debit Card,Cancelled
O0070,2026-03-18,March,18,Wednesday,C011,Vivaan Kapoor,Jaipur,North,New,P004,Smart Watch,Electronics,FitTech,2,3299,6598,Medium,Net Banking,Delivered
O0100,2026-03-19,March,19,Thursday,C003,Rohan Mehta,Mumbai,West,Premium,P008,Sneakers,Clothing,StepUp,4,2999,11996,Large,Credit Card,Delivered
O0053,2026-03-19,March,19,Thursday,C021,Aman Kumar,Delhi,North,Regular,P004,Smart Watch,Electronics,FitTech,3,3299,9897,Medium,Credit Card,Cancelled
O0074,2026-03-19,March,19,Thursday,C014,Sana Malik,Mumbai,West,New,P013,Python Programming,Books,TechBooks,4,749,2996,Large,Credit Card,Delivered
O0072,2026-03-21,March,21,Saturday,C029,Sameer Qureshi,Jammu,North,New,P009,Coffee Maker,Home & Kitchen,HomeBrew,4,3499,13996,Large,Net Banking,Cancelled
O0013,2026-03-22,March,22,Sunday,C005,Kabir Ali,Lucknow,North,New,P009,Coffee Maker,Home & Kitchen,HomeBrew,3,3499,10497,Medium,Cash on Delivery,Delivered
O0113,2026-03-22,March,22,Sunday,C008,Sara Ahmed,Hyderabad,South,Premium,P014,Data Science Handbook,Books,DataPress,1,899,899,Small,UPI,Delivered
O0031,2026-03-24,March,24,Tuesday,C013,Rahul Das,Kolkata,East,Regular,P014,Data Science Handbook,Books,DataPress,2,899,1798,Medium,Debit Card,Delivered
O0062,2026-03-25,March,25,Wednesday,C009,Arjun Nair,Kochi,South,Regular,P014,Data Science Handbook,Books,DataPress,2,899,1798,Medium,UPI,Delivered
O0077,2026-03-27,March,27,Friday,C006,Ishita Gupta,Bengaluru,South,Premium,P020,Dumbbell Set,Sports,StrongFit,3,1999,5997,Medium,Net Banking,Delivered
O0008,2026-03-27,March,27,Friday,C020,Priya Menon,Chennai,South,Premium,P005,Power Bank,Electronics,VoltPlus,4,1199,4796,Large,Debit Card,Delivered
O0087,2026-03-28,March,28,Saturday,C006,Ishita Gupta,Bengaluru,South,Premium,P004,Smart Watch,Electronics,FitTech,5,3299,16495,Large,Cash on Delivery,Cancelled
O0005,2026-03-29,March,29,Sunday,C025,Reyansh Jain,Kolkata,East,New,P009,Coffee Maker,Home & Kitchen,HomeBrew,5,3499,17495,Large,Credit Card,Delivered
O0080,2026-03-29,March,29,Sunday,C026,Fatima Noor,Srinagar,North,Regular,P019,Cricket Bat,Sports,BatPro,5,2499,12495,Large,Debit Card,Delivered
O0037,2026-03-30,March,30,Monday,C028,Inaya Khan,Mumbai,West,Regular,P005,Power Bank,Electronics,VoltPlus,1,1199,1199,Small,Credit Card,Delivered
